순위,광역시/도,시/군/구,관광지명,도로명주소,중분류 카테고리,소분류 카테고리,검색건수
1,충청남도,천안시 동남구,소노벨천안,충남 천안시 동남구 종합휴양지로 200-0,숙박,콘도미니엄,93215
2,충청남도,천안시 동남구,더메인즈호텔,충남 천안시 동남구 청수11로 34-0,숙박,호텔,6972
3,충청남도,천안시 동남구,독립기념관야영장,충남 천안시 동남구 독립기념관로 1-0,숙박,캠핑,4995
4,충청남도,천안시 동남구,탑클라우드호텔천안점,충남 천안시 동남구 서부역6길 3-0,숙박,모텔,4960
5,충청남도,천안시 동남구,브라운도트호텔천안점,충남 천안시 동남구 큰시장길 7-1,숙박,모텔,4423
6,충청남도,천안시 동남구,상록호텔,충남 천안시 동남구 수신로 576-0,숙박,호텔,4250
7,충청남도,천안시 동남구,아우내관광농원캠핑장,충남 천안시 동남구 관성3길 267-40,숙박,캠핑,3681
8,충청남도,천안시 동남구,브라운도트호텔천안터미널점,충남 천안시 동남구 신부3길 25-0,숙박,호텔,3655
9,충청남도,천안시 동남구,이끌림호텔아비숑본관,충남 천안시 동남구 양지10길 6-0,숙박,모텔,3517
10,충청남도,천안시 동남구,더휴식소륜호텔천안점,충남 천안시 동남구 만남의길 21-0,숙박,모텔,3132
11,충청남도,천안시 동남구,웨스턴호텔,충남 천안시 동남구 신부2길 25-0,숙박,호텔,3035
12,충청남도,천안시 동남구,유디자인호텔,충남 천안시 동남구 청수11로 28-0,숙박,모텔,2639
13,충청남도,천안시 동남구,천안국민여가캠핑장,충남 천안시 동남구 교촌7길 46-13,숙박,캠핑,2591
14,충청남도,천안시 동남구,호텔얌천안신부점,충남 천안시 동남구 만남의길 8-1,숙박,모텔,2554
15,충청남도,천안시 동남구,KS호텔,충남 천안시 동남구 옛시청길 13-0,숙박,모텔,2363
16,충청남도,천안시 동남구,더휴식아늑호텔천안역1호점,충남 천안시 동남구 양지14길 7-0,숙박,모텔,2270
17,충청남도,천안시 동남구,광성장,충남 천안시 동남구 버들로 136-0,숙박,모텔,2236
18,충청남도,천안시 동남구,호텔월,충남 천안시 동남구 청수11로 24-0,숙박,모텔,2116
19,충청남도,천안시 동남구,숲호텔,충남 천안시 동남구 만남의길 19-10,숙박,모텔,2037
20,충청남도,천안시 동남구,호두나무캠핑장,충남 천안시 동남구 해사동길 15-0,숙박,캠핑,2016
21,충청남도,천안시 동남구,호텔캄캄,충남 천안시 동남구 신부2길 31-0,숙박,호텔,1985
22,충청남도,천안시 동남구,광덕산간이캠핑장,충남 천안시 동남구 광풍로 703-38,숙박,캠핑,1973
23,충청남도,천안시 동남구,천안몽각산힐링뷰캠핑장,충남 천안시 동남구 덕성1길 147-0,숙박,캠핑,1914
24,충청남도,천안시 동남구,프라임호텔,충남 천안시 동남구 신부2길 36-0,숙박,모텔,1701
25,충청남도,천안시 동남구,그린힐모텔,충남 천안시 동남구 목천안터2길 7-0,숙박,모텔,1652
26,충청남도,천안시 동남구,삼방723펜션,충남 천안시 동남구 삼방로 723-0,숙박,펜션/민박,1610
27,충청남도,천안시 동남구,천안프렌즈애견풀빌라빌리지,충남 천안시 동남구 삼방로 911-3,숙박,펜션/민박,1601
28,충청남도,천안시 동남구,블루파크,충남 천안시 동남구 만남의길 8-2,숙박,모텔,1589
29,충청남도,천안시 동남구,메이플무인텔,충남 천안시 동남구 청수11로 36-0,숙박,모텔,1547
30,충청남도,천안시 동남구,엠파이어모텔,충남 천안시 동남구 각원사길 187-14,숙박,모텔,1512
31,충청남도,천안시 동남구,원플러스호텔,충남 천안시 동남구 충절로 902-0,숙박,호텔,1499
32,충청남도,천안시 동남구,반딧불이키즈풀빌라,충남 천안시 동남구 만남의길 20-1,숙박,펜션/민박,1471
33,충청남도,천안시 동남구,캘리포니아,충남 천안시 동남구 신부2길 34-0,숙박,모텔,1453
34,충청남도,천안시 동남구,무지개캠핑장,충남 천안시 동남구 문암로 224-0,숙박,캠핑,1366
35,충청남도,천안시 동남구,몽키캠핑장,충남 천안시 동남구 삼방로 1163-1,숙박,캠핑,1313
36,충청남도,천안시 동남구,G7모텔,충남 천안시 동남구 신부3길 21-0,숙박,모텔,1276
37,충청남도,천안시 동남구,이끌림호텔아모르점,충남 천안시 동남구 봉명로 99-0,숙박,모텔,1240
38,충청남도,천안시 동남구,호텔파르페,충남 천안시 동남구 먹거리1길 11-0,숙박,모텔,1216
39,충청남도,천안시 동남구,상록리조트유스호스텔,충남 천안시 동남구 수신로 576-0,숙박,호스텔,1162
40,충청남도,천안시 동남구,허니문무인텔,충남 천안시 동남구 양지11길 9-0,숙박,모텔,1146
41,충청남도,천안시 동남구,피아노모텔,충남 천안시 동남구 큰시장길 3-3,숙박,모텔,1115
42,충청남도,천안시 동남구,파파스캠핑장,충남 천안시 동남구 대평1길 292-1,숙박,캠핑,1109
43,충청남도,천안시 동남구,오시유캠핑장,충남 천안시 동남구 해수길 178-38,숙박,캠핑,1107
43,충청남도,천안시 동남구,노을과구름펜션,충남 천안시 동남구 삼방로 77-23,숙박,펜션/민박,1107
45,충청남도,천안시 동남구,태조모텔,충남 천안시 동남구 각원사길 137-10,숙박,모텔,1055
46,충청남도,천안시 동남구,천안트리하우스,충남 천안시 동남구 해수길 311-0,숙박,캠핑,1025
47,충청남도,천안시 동남구,천안광덕쉼터캠핑장,충남 천안시 동남구 광풍로 250-0,숙박,캠핑,1007
48,충청남도,천안시 동남구,시크릿모텔,충남 천안시 동남구 신부3길 29-0,숙박,모텔,992
49,충청남도,천안시 동남구,글로리파크,충남 천안시 동남구 천안대로 195-0,숙박,모텔,981
50,충청남도,천안시 동남구,무지개무인텔,충남 천안시 동남구 아우내장터1길 25-0,숙박,모텔,954
51,충청남도,천안시 동남구,천안메트로관광호텔,충남 천안시 동남구 대흥로 241-11,숙박,호텔,941
52,충청남도,천안시 동남구,태학산오토캠핑장,충남 천안시 동남구 돈마루1길 188-0,숙박,캠핑,938
53,충청남도,천안시 동남구,하늘과나무,충남 천안시 동남구 삼방로 77-14,숙박,펜션/민박,907
54,충청남도,천안시 동남구,펜션퀸,충남 천안시 동남구 삼방로 833-3,숙박,펜션/민박,903
55,충청남도,천안시 동남구,B호텔,충남 천안시 동남구 미나릿길 18-6,숙박,모텔,893
56,충청남도,천안시 동남구,별빛풍경펜션,충남 천안시 동남구 삼방로 77-13,숙박,펜션/민박,882
57,충청남도,천안시 동남구,호텔와,충남 천안시 동남구 서부역1길 7-0,숙박,모텔,846
58,충청남도,천안시 동남구,금리마을펜션,충남 천안시 동남구 삼방로 957-0,숙박,펜션/민박,839
59,충청남도,천안시 동남구,강남모텔,충남 천안시 동남구 큰시장길 42-0,숙박,모텔,818
60,충청남도,천안시 동남구,숲속아침펜션,충남 천안시 동남구 삼방로 77-21,숙박,펜션/민박,813
61,충청남도,천안시 동남구,E모텔,충남 천안시 동남구 신부15길 8-0,숙박,모텔,807
62,충청남도,천안시 동남구,천안북면계곡야영장,충남 천안시 동남구 오곡2길 28-0,숙박,캠핑,802
63,충청남도,천안시 동남구,로마의휴일,충남 천안시 동남구 만남의길 16-0,숙박,모텔,792
64,충청남도,천안시 동남구,잠호텔,충남 천안시 동남구 만남로 62-0,숙박,모텔,777
65,충청남도,천안시 동남구,호텔파인,충남 천안시 동남구 만남의길 13-11,숙박,모텔,764
66,충청남도,천안시 동남구,이끌림호텔아비숑별관,충남 천안시 동남구 양지12길 5-0,숙박,모텔,755
67,충청남도,천안시 동남구,위례성캠핑장,충남 천안시 동남구 위례성로 733-1,숙박,캠핑,748
68,충청남도,천안시 동남구,다래모텔,충남 천안시 동남구 신부3길 23-0,숙박,모텔,745
69,충청남도,천안시 동남구,보타닉호텔,충남 천안시 동남구 응원3길 33-0,숙박,모텔,736
70,충청남도,천안시 동남구,산아래호두나무펜션,충남 천안시 동남구 해수길 61-30,숙박,펜션/민박,729
71,충청남도,천안시 동남구,서리실힐링가족캠핑장,충남 천안시 동남구 서리실길 147-0,숙박,캠핑,727
72,충청남도,천안시 동남구,골드샤인펜션,충남 천안시 동남구 삼방로 77-15,숙박,펜션/민박,717
73,충청남도,천안시 동남구,호텔폴라리스,충남 천안시 동남구 종합휴양지2길 12-0,숙박,모텔,709
74,충청남도,천안시 동남구,뮤즈,충남 천안시 동남구 종합휴양지2길 113-0,숙박,모텔,707
75,충청남도,천안시 동남구,라마다파크모텔,충남 천안시 동남구 만남의길 13-5,숙박,모텔,699
76,충청남도,천안시 동남구,별솔펜션,충남 천안시 동남구 삼방로 77-27,숙박,펜션/민박,698
77,충청남도,천안시 동남구,온양여인숙,충남 천안시 동남구 공설시장3길 23-5,숙박,모텔,688
78,충청남도,천안시 동남구,요새불멍,충남 천안시 동남구 원터길 98-0,숙박,캠핑,670
78,충청남도,천안시 동남구,풍경채,충남 천안시 동남구 삼방로 77-25,숙박,펜션/민박,670
80,충청남도,천안시 동남구,호텔박스천안터미널점,충남 천안시 동남구 먹거리11길 43-0,숙박,모텔,659
81,충청남도,천안시 동남구,쉬슈펜션,충남 천안시 동남구 위례성로 1203-0,숙박,펜션/민박,648
82,충청남도,천안시 동남구,몽모텔,충남 천안시 동남구 신부11길 7-0,숙박,모텔,646
83,충청남도,천안시 동남구,A모텔,충남 천안시 동남구 신부12길 10-0,숙박,모텔,624
84,충청남도,천안시 동남구,OK캠핑,충남 천안시 동남구 오곡1길 4-30,숙박,캠핑,612
85,충청남도,천안시 동남구,구공스테이북면,충남 천안시 동남구 위례성로 1166-1,숙박,펜션/민박,610
86,충청남도,천안시 동남구,이끌림호텔아모르별관,충남 천안시 동남구 양지11길 7-0,숙박,모텔,609
87,충청남도,천안시 동남구,스타호텔,충남 천안시 동남구 옛시청길 1-0,숙박,모텔,608
88,충청남도,천안시 동남구,모텔제우스,충남 천안시 동남구 미나릿길 18-5,숙박,모텔,603
89,충청남도,천안시 동남구,힐링모텔,충남 천안시 동남구 약수로 212-0,숙박,모텔,589
90,충청남도,천안시 동남구,모텔라마다,충남 천안시 동남구 동평3길 71-0,숙박,모텔,551
91,충청남도,천안시 동남구,리베라모텔,충남 천안시 동남구 충절로 908-0,숙박,모텔,525
92,충청남도,천안시 동남구,자동차여행자산장,충남 천안시 동남구 충절로 1174-0,숙박,모텔,516
93,충청남도,천안시 동남구,다인캠핑장,충남 천안시 동남구 해사동길 33-0,숙박,캠핑,499
94,충청남도,천안시 동남구,로뎀나무펜션,충남 천안시 동남구 삼방로 77-17,숙박,펜션/민박,468
95,충청남도,천안시 동남구,JS모텔,충남 천안시 동남구 신부12길 14-0,숙박,모텔,464
96,충청남도,천안시 동남구,문스테이호텔,충남 천안시 동남구 태조산길 219-0,숙박,호텔,463
97,충청남도,천안시 동남구,꼬모도모텔,충남 천안시 동남구 먹거리11길 44-0,숙박,모텔,460
98,충청남도,천안시 동남구,에이원호텔,충남 천안시 동남구 신부2길 27-0,숙박,모텔,437
99,충청남도,천안시 동남구,리운모텔,충남 천안시 동남구 천중3길 4-0,숙박,모텔,430
100,충청남도,천안시 동남구,쿨피스무인텔,충남 천안시 동남구 종합휴양지로 246-0,숙박,모텔,429
101,충청남도,천안시 동남구,다인펜션,충남 천안시 동남구 해사동길 82-1,숙박,펜션/민박,416
102,충청남도,천안시 동남구,호텔체크인,충남 천안시 동남구 은행길 8-0,숙박,모텔,407
103,충청남도,천안시 동남구,썬모텔,충남 천안시 동남구 각원사길 187-20,숙박,모텔,406
104,충청남도,천안시 동남구,두리모텔,충남 천안시 동남구 미나릿길 28-0,숙박,모텔,402
105,충청남도,천안시 동남구,드라이브인무인텔,충남 천안시 동남구 아우내장터2길 43-0,숙박,모텔,398
106,충청남도,천안시 동남구,꽃잠펜션,충남 천안시 동남구 해수길 193-0,숙박,펜션/민박,391
107,충청남도,천안시 동남구,병천3.1펜션,충남 천안시 동남구 관성3길 150-28,숙박,펜션/민박,375
108,충청남도,천안시 동남구,모텔씨,충남 천안시 동남구 만남의길 13-3,숙박,모텔,372
109,충청남도,천안시 동남구,백악관모텔,충남 천안시 동남구 문화1길 26-0,숙박,모텔,371
110,충청남도,천안시 동남구,썸모텔,충남 천안시 동남구 서부역5길 9-0,숙박,모텔,360
111,충청남도,천안시 동남구,부싯돌캠핑장,충남 천안시 동남구 양곡1길 233-40,숙박,캠핑,355
112,충청남도,천안시 동남구,장승배기체험농장펜션,충남 천안시 동남구 성남신덕1길 228-0,숙박,펜션/민박,342
113,충청남도,천안시 동남구,화이트캣슬모텔,충남 천안시 동남구 문화1길 25-0,숙박,모텔,340
114,충청남도,천안시 동남구,쉼터펜션,충남 천안시 동남구 검단리길 9-10,숙박,펜션/민박,329
115,충청남도,천안시 동남구,대우장여관,충남 천안시 동남구 미나릿길 29-0,숙박,모텔,316
116,충청남도,천안시 동남구,광명장여관,충남 천안시 동남구 중앙로 151-0,숙박,모텔,303
117,충청남도,천안시 동남구,광덕테라스펜션,충남 천안시 동남구 해사동길 62-0,숙박,펜션/민박,291
118,충청남도,천안시 동남구,모텔뷰,충남 천안시 동남구 먹거리5길 18-0,숙박,모텔,289
119,충청남도,천안시 동남구,여울채펜션,충남 천안시 동남구 성산1길 67-64,숙박,펜션/민박,286
120,충청남도,천안시 동남구,청풍모텔,충남 천안시 동남구 천안대로 604-0,숙박,모텔,284
121,충청남도,천안시 동남구,호텔렉시,충남 천안시 동남구 목천안터2길 16-0,숙박,모텔,277
122,충청남도,천안시 동남구,힐모텔,충남 천안시 동남구 충절로 1158-0,숙박,모텔,270
123,충청남도,천안시 동남구,프라미스펜션,충남 천안시 동남구 삼방로 77-6,숙박,펜션/민박,267
124,충청남도,천안시 동남구,블루파크장,충남 천안시 동남구 만남의길 8-2,숙박,모텔,261
125,충청남도,천안시 동남구,어반스테이써밋,충남 천안시 동남구 각원사길 187-16,숙박,펜션/민박,254
125,충청남도,천안시 동남구,힐탑산장모텔,충남 천안시 동남구 신방남부길 43-0,숙박,모텔,254
127,충청남도,천안시 동남구,하늘꽃펜션,충남 천안시 동남구 위례성로 777-0,숙박,펜션/민박,253
128,충청남도,천안시 동남구,벅스79,충남 천안시 동남구 신부2길 32-0,숙박,모텔,251
129,충청남도,천안시 동남구,산들애한옥펜션,충남 천안시 동남구 차령고개로 504-0,숙박,펜션/민박,247
130,충청남도,천안시 동남구,구공스테이사사담,충남 천안시 동남구 위례성로 786-0,숙박,펜션/민박,246
130,충청남도,천안시 동남구,스타무인텔,충남 천안시 동남구 종합휴양지2길 135-0,숙박,모텔,246
132,충청남도,천안시 동남구,알프스장모텔,충남 천안시 동남구 응원3길 13-0,숙박,모텔,240
133,충청남도,천안시 동남구,썬샤인모텔,충남 천안시 동남구 미나릿길 27-0,숙박,모텔,221
133,충청남도,천안시 동남구,자연풍경,충남 천안시 동남구 삼방로 77-19,숙박,펜션/민박,221
135,충청남도,천안시 동남구,비피펜션,충남 천안시 동남구 휴암1길 16-0,숙박,펜션/민박,210
136,충청남도,천안시 동남구,솔솔바람,충남 천안시 동남구 위례성로 772-0,숙박,펜션/민박,205
137,충청남도,천안시 동남구,더자연펜션,충남 천안시 동남구 삼방로 77-8,숙박,펜션/민박,202
138,충청남도,천안시 동남구,시골램핑,충남 천안시 동남구 양곡1길 225-0,숙박,펜션/민박,195
139,충청남도,천안시 동남구,길벗펜션,충남 천안시 동남구 해수길 109-0,숙박,펜션/민박,194
140,충청남도,천안시 동남구,차령팰리스,충남 천안시 동남구 차령고개로 473-0,숙박,펜션/민박,192
141,충청남도,천안시 동남구,반유스테이,충남 천안시 동남구 용평3길 22-0,숙박,펜션/민박,191
142,충청남도,천안시 동남구,호텔왈츠,충남 천안시 동남구 먹거리11길 18-0,숙박,모텔,187
143,충청남도,천안시 동남구,오곡펜션,충남 천안시 동남구 오곡3길 70-0,숙박,펜션/민박,186
144,충청남도,천안시 동남구,뉴얼리키즈풀빌라,충남 천안시 동남구 서흥1길 56-0,숙박,펜션/민박,171
145,충청남도,천안시 동남구,별장골펜션,충남 천안시 동남구 양곡1길 2-0,숙박,펜션/민박,168
146,충청남도,천안시 동남구,숲들내캠핑장,충남 천안시 동남구 위례성로 1113-0,숙박,캠핑,165
147,충청남도,천안시 동남구,토마토모텔,충남 천안시 동남구 충절로 2303-0,숙박,모텔,162
148,충청남도,천안시 동남구,세이모텔,충남 천안시 동남구 버들로 6-1,숙박,모텔,158
149,충청남도,천안시 동남구,아미가모텔,충남 천안시 동남구 버들로 152-0,숙박,모텔,149
150,충청남도,천안시 동남구,양지펜션,충남 천안시 동남구 납안3길 173-0,숙박,펜션/민박,145
151,충청남도,천안시 동남구,곡대서의펜션,충남 천안시 동남구 대평4길 55-13,숙박,펜션/민박,141
152,충청남도,천안시 동남구,와이엔모텔,충남 천안시 동남구 문화로 24-1,숙박,모텔,135
153,충청남도,천안시 동남구,위례성펜션,충남 천안시 동남구 위례성로 777-32,숙박,펜션/민박,121
154,충청남도,천안시 동남구,산수펜션,충남 천안시 동남구 보산원1길 17-0,숙박,펜션/민박,120
155,충청남도,천안시 동남구,봉스테이,충남 천안시 동남구 교천지산길 364-0,숙박,펜션/민박,111
155,충청남도,천안시 동남구,양지별밤펜션,충남 천안시 동남구 지장길 317-30,숙박,펜션/민박,111
157,충청남도,천안시 동남구,엔젤무인텔,충남 천안시 동남구 종합휴양지1길 13-0,숙박,모텔,107
158,충청남도,천안시 동남구,윌모텔,충남 천안시 동남구 만남의길 23-0,숙박,모텔,106
159,충청남도,천안시 동남구,티파니모텔,충남 천안시 동남구 먹거리5길 16-0,숙박,모텔,99
160,충청남도,천안시 동남구,산울림펜션,충남 천안시 동남구 덕전1길 171-0,숙박,펜션/민박,93
161,충청남도,천안시 동남구,마메종펜션,충남 천안시 동남구 광풍로 210-0,숙박,펜션/민박,89
162,충청남도,천안시 동남구,무이621,충남 천안시 동남구 가전6길 21-0,숙박,펜션/민박,84
163,충청남도,천안시 동남구,천안놀이터캠핑장,충남 천안시 동남구 화덕1길 22-7,숙박,캠핑,74
164,충청남도,천안시 동남구,승아펜션,충남 천안시 동남구 해수길 101-0,숙박,펜션/민박,67
165,충청남도,천안시 동남구,지장황토숯펜션,충남 천안시 동남구 지장길 136-16,숙박,펜션/민박,64
166,충청남도,천안시 동남구,위례성농원펜션,충남 천안시 동남구 위례성로 733-0,숙박,펜션/민박,59
166,충청남도,천안시 동남구,호수모텔,충남 천안시 동남구 망향로 111-0,숙박,모텔,59
168,충청남도,천안시 동남구,스테이118-1,충남 천안시 동남구 탑원2길 24-9,숙박,펜션/민박,57
168,충청남도,천안시 동남구,캠핑하우스,충남 천안시 동남구 용곡1길 98-0,숙박,캠핑,57
170,충청남도,천안시 동남구,칼라모텔,충남 천안시 동남구 대흥로 132-2,숙박,모텔,55
171,충청남도,천안시 동남구,영모텔,충남 천안시 동남구 신부2길 30-0,숙박,모텔,54
172,충청남도,천안시 동남구,아우내민박,충남 천안시 동남구 충절로 1873-0,숙박,펜션/민박,50
173,충청남도,천안시 동남구,시골민박,충남 천안시 동남구 당하길 9-12,숙박,펜션/민박,48
174,충청남도,천안시 동남구,화성장여관,충남 천안시 동남구 자유시장2길 7-0,숙박,모텔,42
174,충청남도,천안시 동남구,홍익홈피스텔,충남 천안시 동남구 신부14길 7-0,숙박,기타숙박,42
176,충청남도,천안시 동남구,파레스모텔,충남 천안시 동남구 먹거리5길 14-0,숙박,모텔,37
176,충청남도,천안시 동남구,토마토무인텔,충남 천안시 동남구 종합휴양지2길 130-0,숙박,모텔,37
178,충청남도,천안시 동남구,천안휴펜션,충남 천안시 동남구 휴암1길 16-0,숙박,펜션/민박,36
178,충청남도,천안시 동남구,교보홈피스텔,충남 천안시 동남구 원성1길 9-0,숙박,기타숙박,36
180,충청남도,천안시 동남구,경성모텔,충남 천안시 동남구 영성동1길 9-5,숙박,모텔,34
181,충청남도,천안시 동남구,산호장여관,충남 천안시 동남구 대흥로 273-4,숙박,모텔,33
182,충청남도,천안시 동남구,파라다이스여관,충남 천안시 동남구 미나릿길 41-1,숙박,모텔,31
182,충청남도,천안시 동남구,화랑골민박펜션,충남 천안시 동남구 양곡2길 90-0,숙박,펜션/민박,31
184,충청남도,천안시 동남구,풍경소리,충남 천안시 동남구 납안3길 159-0,숙박,펜션/민박,30
185,충청남도,천안시 동남구,늘안스테이,충남 천안시 동남구 매송3길 37-0,숙박,펜션/민박,29
185,충청남도,천안시 동남구,안단테펜션,충남 천안시 동남구 검단리길 139-0,숙박,펜션/민박,29
187,충청남도,천안시 동남구,그랜드파크장여관,충남 천안시 동남구 서부역1길 10-0,숙박,모텔,27
187,충청남도,천안시 동남구,제이모텔,충남 천안시 동남구 은행길 5-7,숙박,모텔,27
189,충청남도,천안시 동남구,사계,충남 천안시 동남구 위례성로 786-2,숙박,펜션/민박,26
189,충청남도,천안시 동남구,산골가든펜션,충남 천안시 동남구 만복골1길 61-0,숙박,펜션/민박,26
191,충청남도,천안시 동남구,천안황토한옥펜션,충남 천안시 동남구 삼방로 77-11,숙박,펜션/민박,24
192,충청남도,천안시 동남구,유왕별서,충남 천안시 동남구 유왕골1길 181-0,숙박,펜션/민박,23
192,충청남도,천안시 동남구,둥구나무민박,충남 천안시 동남구 사담3길 7-0,숙박,펜션/민박,23
192,충청남도,천안시 동남구,쌍둥이펜션,충남 천안시 동남구 광풍로 428-0,숙박,펜션/민박,23
195,충청남도,천안시 동남구,짝궁무인텔,충남 천안시 동남구 종합휴양지1길 33-0,숙박,모텔,22
195,충청남도,천안시 동남구,삼화여관,충남 천안시 동남구 아우내장터1길 13-5,숙박,모텔,22
197,충청남도,천안시 동남구,산장여관,충남 천안시 동남구 병천2로 24-0,숙박,모텔,21
197,충청남도,천안시 동남구,양림펜션,충남 천안시 동남구 양곡2길 3-0,숙박,펜션/민박,21
199,충청남도,천안시 동남구,만년장여관,충남 천안시 동남구 대흥로 18-0,숙박,모텔,20
200,충청남도,천안시 동남구,동양장여관,충남 천안시 동남구 다가5길 29-0,숙박,모텔,18
200,충청남도,천안시 동남구,모텔쉴,충남 천안시 동남구 광교로 15-0,숙박,모텔,18
202,충청남도,천안시 동남구,에벤에셀펜션,충남 천안시 동남구 위례성로 1434-24,숙박,펜션/민박,16
202,충청남도,천안시 동남구,김태희호텔,충남 천안시 동남구 종합휴양지1길 37-0,숙박,모텔,16
204,충청남도,천안시 동남구,사사담사이집,충남 천안시 동남구 위례성로 786-0,숙박,펜션/민박,15
204,충청남도,천안시 동남구,여울목펜션,충남 천안시 동남구 삼방로 778-22,숙박,펜션/민박,15
206,충청남도,천안시 동남구,우진홈피스텔,충남 천안시 동남구 천호지길 36-0,숙박,기타숙박,14
207,충청남도,천안시 동남구,천안내뜰캠핑장,충남 천안시 동남구 동산광덕길 312-0,숙박,캠핑,13
208,충청남도,천안시 동남구,윤성장여관,충남 천안시 동남구 다가1길 14-8,숙박,모텔,12
209,충청남도,천안시 동남구,덕은장모텔,충남 천안시 동남구 충절로 1158-0,숙박,모텔,10
210,충청남도,천안시 동남구,롯데장여관,충남 천안시 동남구 미나릿길 8-0,숙박,모텔,9
210,충청남도,천안시 동남구,그랜드모텔,충남 천안시 동남구 충절로 1156-0,숙박,모텔,9
210,충청남도,천안시 동남구,로즈파크장,충남 천안시 동남구 태조산길 219-0,숙박,모텔,9
210,충청남도,천안시 동남구,솔바람펜션,충남 천안시 동남구 지장길 13-0,숙박,펜션/민박,9
214,충청남도,천안시 동남구,뉴서울장여관,충남 천안시 동남구 동리길 19-0,숙박,모텔,7
214,충청남도,천안시 동남구,스위스장여관,충남 천안시 동남구 공설시장1길 18-3,숙박,모텔,7
214,충청남도,천안시 동남구,굿모닝모텔,충남 천안시 동남구 중앙로 127-0,숙박,모텔,7
217,충청남도,천안시 동남구,히어로하숙,충남 천안시 동남구 망향로 171-3,숙박,기타숙박,6
217,충청남도,천안시 동남구,힐탑산장여관,충남 천안시 동남구 신방남부길 43-0,숙박,모텔,6
217,충청남도,천안시 동남구,능수장여관,충남 천안시 동남구 충절로 189-0,숙박,모텔,6
217,충청남도,천안시 동남구,진명여인숙,충남 천안시 동남구 문화1길 24-5,숙박,모텔,6
217,충청남도,천안시 동남구,신흥여관,충남 천안시 동남구 충절로 839-10,숙박,모텔,6
217,충청남도,천안시 동남구,잠뱅이쉼터,충남 천안시 동남구 삼방로 801-0,숙박,펜션/민박,6
217,충청남도,천안시 동남구,천안유스호스텔,충남 천안시 동남구 신부15길 3-0,숙박,호스텔,6
217,충청남도,천안시 동남구,보라매펜션,충남 천안시 동남구 납안3길 239-0,숙박,펜션/민박,6
217,충청남도,천안시 동남구,목화장여관,충남 천안시 동남구 대흥로 138-0,숙박,모텔,6
217,충청남도,천안시 동남구,유창홈피스텔,충남 천안시 동남구 중앙로 261-2,숙박,기타숙박,6
227,충청남도,천안시 동남구,백제여인숙,충남 천안시 동남구 문화1길 24-24,숙박,모텔,5
228,충청남도,천안시 동남구,명동파크장 여관,충남 천안시 동남구 명동길 37-3,숙박,모텔,4
228,충청남도,천안시 동남구,아우내펜션,충남 천안시 동남구 관성3길 267-40,숙박,펜션/민박,4
228,충청남도,천안시 동남구,초코렛,충남 천안시 동남구 신부11길 5-0,숙박,모텔,4
228,충청남도,천안시 동남구,별장여인숙,충남 천안시 동남구 미나릿길 52-5,숙박,모텔,4
228,충청남도,천안시 동남구,달뜨는펜션,충남 천안시 동남구 해수길 274-0,숙박,펜션/민박,4
228,충청남도,천안시 동남구,광덕모텔,충남 천안시 동남구 차령고개로 731-0,숙박,모텔,4
228,충청남도,천안시 동남구,양천홈피스텔,충남 천안시 동남구 개목4길 25-0,숙박,기타숙박,4
235,충청남도,천안시 동남구,솔숲펜션,충남 천안시 동남구 삼방로 957-0,숙박,펜션/민박,3
235,충청남도,천안시 동남구,천안소소펜션,충남 천안시 동남구 해사동길 61-0,숙박,펜션/민박,3
235,충청남도,천안시 동남구,톰즈모텔,충남 천안시 동남구 만남의길 8-1,숙박,모텔,3
235,충청남도,천안시 동남구,짝모텔,충남 천안시 동남구 성불사길 24-0,숙박,모텔,3
235,충청남도,천안시 동남구,안서장여관,충남 천안시 동남구 망향로 111-0,숙박,모텔,3
235,충청남도,천안시 동남구,미화장여관,충남 천안시 동남구 중앙시장길 8-0,숙박,모텔,3
235,충청남도,천안시 동남구,은혜여인숙,충남 천안시 동남구 문화1길 24-3,숙박,모텔,3
235,충청남도,천안시 동남구,오성여인숙,충남 천안시 동남구 공설시장3길 23-3,숙박,모텔,3
235,충청남도,천안시 동남구,하바나모텔,충남 천안시 동남구 문화로 13-3,숙박,모텔,3
235,충청남도,천안시 동남구,황금장여관,충남 천안시 동남구 자유시장2길 23-5,숙박,모텔,3
235,충청남도,천안시 동남구,캐슬모텔,충남 천안시 동남구 버들로 31-0,숙박,모텔,3
235,충청남도,천안시 동남구,굿모닝여인숙,충남 천안시 동남구 중앙로 127-0,숙박,모텔,3
235,충청남도,천안시 동남구,광덕산풍경캠핑장,충남 천안시 동남구 해수길 178-47,숙박,캠핑,3
235,충청남도,천안시 동남구,싼모텔,충남 천안시 동남구 버들로 31-0,숙박,모텔,3
235,충청남도,천안시 동남구,매당고을마트,충남 천안시 동남구 광풍로 765-0,숙박,모텔,3
235,충청남도,천안시 동남구,상도홈피스텔,충남 천안시 동남구 원성10길 2-0,숙박,기타숙박,3
